{
	"name":"Cryospore培养基",
	"type":"GenericCrafter",
	"description":"阿德里冰层发现的沉睡孢子，加水恢复他们活性",
	"details":"她真的很爱孢子"
	"itemCapacity":50,
	"health":100,
	"size":2,
	"hasLiquids":true,
		"consumes":{
		"power":1,/*游戏里会乘60*/
		"liquid":{"liquid":"water","amount":0.4}},
	"craftTime":30,
	"updateEffect":"none",
    "drawer":{
	    "type":"DrawMulti",
	    "drawers":[
	        "DrawDefault",
            "DrawCultivator",
	        {
	            "type":"DrawRegion",
	            "suffix":"-top"
	        }
	        ]
	},
  	"liquidCapacity":120,	
  	"outputItems":["活性Cryospore/1"],
	"requirements":[
	"graphite/40",
	"copper/80",
	"metaglass/10",
	"silicon/20",
	"lead/60"
	],
	"category":"production",
	"research":"量子核心",
	"idleSoundVolume": 1
}
  