{
	"name":"Frozenparticle流体混合器",
	"type":"GenericCrafter",/*类型，目前本人就会这一个*/
	"description":"混合冷冻液和冰晶制造Frozenparticle流体",
	"itemCapacity":50,//物品容量，数字都能改别的
	"health":200,
	"size":2,/*最高16，不然会崩*/
	"drawer":{
	    "type":"DrawMulti",
	    "drawers":[
	    {
	    "type":"DrawRegion",
	    "suffix":"-bottom"
	    },
	    {
	       "type":"DrawLiquidTile",
	    "drawLiquid":"cryofluid"
	    },
	    "DrawDefault"]},
	
	"hasPower":true,//是否需要电
    "outputLiquids":["Frozenparticle流体/0.2"]
	"hasLiquids":true,/*是否需要液体*/
    "hasItems":true,/*是否需要物品*/
    "craftTime":60,
    
    "updateEffect":"dooropen",
    
	"consumes":{
		"power":1,/*游戏里会乘60*/
"items":{"items":[{"item":"copper", "amount":1}]},
		"liquid":{"liquid":"cryofluid","amount":0.2}},
  	"liquidCapacity":60,//容量
	"requirements":[
	    "silicon/60",
	    "titanium/80",
	    "lead/30"
	],
	"category":"crafting",
	"research":"量子核心",/*前置研究*/
	"activeSound":"雷达",
	"activeSoundVolume":900
}