{
	"type":"Liquid",//类型
	"name":"Frozenparticle流体",
	"description":"使用冰晶和冷冻液制作比热容较大的Frozenparticle流体，冷却效果较好。",
	"color":"#c6ffff",//液体的颜色，用于管道和地面的颜色
	"barColor":"#c6ffff",//液体的颜色，用于方块之类的地方显示它
	"name":"Frozenparticle流体",
	"lightColor":"#c6ffff",//液体的颜色，用于绘制亮光的颜色
    "explosiveness":0,
	//爆炸性
	//石油=1.2
	
    "flammability":0,
	//燃烧性
	//石油=1.2

    "temperature":0,
	//液体温度
	//矿渣=1
	//冷却液=0.25

    "heatCapacity":1.5,
	//比热容
	//水=0.4
	//冷却液=0.9
    "research":"冰晶",
    "viscosity":0.5,
 	//粘度 
	//水=0.5
	//石油=0.7
 
	"effect":"none"
	//状态
	//液体倒在地上时候,可以给予单位状态
	//详细看状态接口表
}

