{
	"type": "flying",/*种类 */
	"name": "西格玛",/*名称，它叫什么名字！ */
	"description": "保护量子核心，可建造建筑",/*描述，简介！ */
	"ammoCapacity":20,/*弹药容量 */
    "ammoResupplyAmount":1,/*弹药补给倍率 */
    "speed":2,/*速度 */
    "research":"量子核心",
	"flying": true,/*能否飞行，true为能飞 */
    "lowAltitude":"true",//低飞
	
    "squareShape":true,//炮转向
    "rotateMoveFirst":true,
    "omniMovement":false,
    
	"turnCursor":false,/*转动光标 */
	"engineOffset":5,/*发动机偏移 */
	"engineSize":2,/*发动机大小 */
    "hitSize":8,/*被击中大小，你的大小 */
    "targetAir":"true",/*目标航空 */
    "health":100,/*血量 */
    "armor":1,/*装甲 */
    "mineSpeed":6,/*挖矿速度 1=100% */
    "mineTier":2,/*挖矿等级，你可以挖什么矿 */
    "buildSpeed":0.5,/*构建速度 1=100%*/
    "rotateSpeed":10,/*转速，旋转的速度 */
    "itemCapacity":20,/*容量，字面意思 */
    "commandLimit": 0,/*命令限制，能让多少单位跟着你！ */
    "rotateShooting":"true",/*旋转射击，是否旋转射击 */
    	"weapons":[ 
    	{"name":"西格玛1",/*贴图的名字 */
	"x":0,"y":-1,/*位置 x为上下y为左右 */
	"mirror":"false",/*镜像，是否对称 */
	"reload":15,/*重新装弹速度 */
	"rotate": "true",/*是否旋转 */
	"rotateSpeed":4,/*旋转速度 */
	"shootEffect":"none",/*射击效果 */
	"shootSound":"shoot",/*射击声 */
	"bullet":{
	"type":"BasicBulletType",/*子弹类型 */
	"damage":10,/*伤害 */
	"frontColor":"#00ffff",/*子弹颜色 正面颜色*/
    "collidesTiles": true,//是否碰撞方块
	"backColor":"#00ffff",/*背景色 */
	"width": 4,/*子弹宽度 */
	"height": 4,/*子弹长度 */
	"speed":3,/*子弹速度 */
	"lifetime":53.33333333,//存在时间，帧
	"buildingDamageMultiplier":0.01/*对建筑物伤害/乘数 */
	"homingPower":0.00,//追踪力度
      "homingRange":00,//追踪范围，8/格
	} 	
	},
    ]
}