{
	"name":"格式塔零",
	"description":"阿德里土著所信仰的半机械式生命体，象征永恒",
	"details":"它的建造方式目前我们并未掌握，从卫星传来的图像上，只能看到巨大的烟雾",
	"health":184000,
	"research":"量子核心",
	"armor":200,
    "hitSize":100,/*基础数值*/
"abilities":[
    {
    "type": "UnitSpawnAbility",
    "unit": "戈浮",
    "spawnX":0,
    "spawnY":40,
    "spawnTime":900
    },
            {
    "type": "UnitSpawnAbility",
    "unit": "戈浮",
    "spawnX":0,
    "spawnY":55,
    "spawnTime":900
    },
        {
    "type": "UnitSpawnAbility",
    "unit": "戈浮",
    "spawnX":0,
    "spawnY":70,
    "spawnTime":900
    },
            {
    "type": "UnitSpawnAbility",
    "unit": "戈浮",
    "spawnX":0,
    "spawnY":85,
    "spawnTime":900
    },
        {
    "type": "UnitSpawnAbility",
    "unit": "戈浮",
    "spawnX":0,
    "spawnY":100,
    "spawnTime":900
    },
   {"type":"EnergyFieldAbility",
    "statusDuration":300,
    "status":"unmoving",
    "maxTargets":30,
    "damage":230,
    "radius":80,
    "x":0,
    "y":-45,
    "color":"#ff9c71",
    "healPercent":8,
    "range":200,
    "sectors":4,
    "rotateSpeed":2,
    "hitBuildings": true,
    "sectorRad":0.64,
    "effectRadius": 10,
    "reload":20
        },/*大圆球*/
           {"type":"EnergyFieldAbility",
    "statusDuration":300,
    "status":"disarmed",
    "maxTargets":30,
    "damage":30,
    "radius":80,
    "x":0,
    "y":-45,
    "color":"#ff9c71",
    "healPercent":8,
    "range":200,
    "sectors":4,
    "rotateSpeed": 3,
    "hitBuildings": true,
    "sectorRad":0.64,
    "effectRadius": 10,
    "reload":20
        },/*大圆球*/
        {
    "type":"mindustry.entities.abilities.ForceFieldAbility",
    "radius":150,
    "sides":10,
    "regen":5.55,
    "max":1000,
    "cooldown":600/*护盾*/
        },/*eg*/
        
{"type":"StatusFieldAbility",
"radius":40,
"sides":10,
"cooldown":60,
    "duration":60,
    "reload":60,
    "range":24,
    "applyEffect":"none",
    "activeEffect":{"type":"WaveEffect",
    "lifetime":10,
    "sizeFrom":100,
    "sizeTo":100,
    "damage":40,
    "strokeFrom":4,
    "strokeTo":0,
    "colorFrom":"ff0000",
    "colorTo":"ff0000"},
    "effect":"overdrive"}],/*能力厂*/
    
    "rotateMoveFirst":true,
   	"squareShape":true,
    "omniMovement":false,
    "lowAltitude":"true",
    "buildSpeed":20,
	"targetAir":"true",
	"flying": true,/*能否飞行，true为能飞 */
    "ammoCapacity":1000,/*弹药容量 */
    "ammoResupplyAmount":10,/*弹药补给倍率 */
    "speed":0.75,
    "itemCapacity":200,/*容量，字面意思 */
    "rotateSpeed":1,/*杂项*/
    
    "weapons":[ 
    {"name":"格式塔零-1",
	"x":-15,"y":100,
	"mirror":false,/*镜像，是否对称 */
	"reload":6,/*重新装弹速度 */
	"rotate":true, 
	"collides":true,
	"rotateSpeed":5,
	"shootSound":"格式塔零-1",/*射击声 */
	"bullet":{
	"type":"BasicBulletType",/*子弹类型 */
	"damage":140,
    "inaccuracy":5,
    "fragBullets":4,
    "fragBullet":{"fragCone":360,
	"fragAngle":30,//碎片角度
    "fragVelocityMin":5,//破片速度最小值
	"speed":7,
	"damage":50,//伤害
    "homingPower":0.2,//追踪力度
        "homingRange":160,//追踪范围
	    "lifetime":60,//子弹消失延迟
		"fragVelocityMax":9,//破片速度最大值
		"type":"BasicBulletType",
		"width":4,
	    "height":25,
	    "frontColor":"#ff0000",/*子弹颜色 正面颜色*/
     	"backColor":"#ff0000",/*背景色 */
		"fragLifeMin":18,//破片最小声明值
		"fragLifeMax":90,//破片最大生命值
		"hitColor":"ff0000",//命中颜色
         },
	"hittable":false,
	"reflectable":false,
	"absorbable":false,
	"frontColor":"#ff0000",/*子弹颜色 正面颜色*/
	"backColor":"#ff0000",/*背景色 */
	"width":6,
	"height":25,
    "shootEffect":{
"type":"WaveEffect",
"colorFrom":"ff0000",//颜色从
"colorTo":"ff0000",//颜色至
"lightColor":"000000",//浅色
"sizeFrom":3,//开始时圆环直径
"sizeTo":0,//结束时圆环直径
"lightScl":3.0,//轻量级
"lightOpacity":0.8,//光不透明
"sides":-1,//双方//效果不明
"rotation":-1,//回转//效果不明
"strokeFrom":1,//开始时圆形宽度
"strokeTo":0,//结束时圆环宽度
"offsetX":0.0,//偏转x
"offsetY":0.0//偏转y
},
	"hitEffect":{"type":"ParticleEffect",
					"line": true,
					"particles": 6,
					"lifetime": 22,
					"length": 120,
					"cone": 360,
					"lenFrom": 6,
					"lenTo": 6,
					"colorFrom":"FF6666",
					"colorTo": "FF5845"
				},
    "despawnEffect":{
					"type":"ParticleEffect",
					"line": true,
					"particles": 6,
					"lifetime": 22,
					"length": 120,
					"cone": 360,
					"lenFrom": 6,
					"lenTo": 6,
					"colorFrom":"FF6666",
					"colorTo": "FF5845"
				},
	"speed":9,
	"lifetime":60,
	"buildingDamageMultiplier":1,
	}},
	
	
	    
    {"name":"格式塔零-导弹",
	"x":55,"y":-30,
	"reload":120,
	"recoil":0,
	"parts":[{"type":"RegionPart",
               "mirror":false,
               "x":-20,
               "y":-10,
               "suffix":"-动画块1",
               "layer":55,
               "moveX":5,
               "moveY":5}],
	"mirror":false,
	"rotate": false,
    "alternate":true,
	"rotateSpeed":0,
	"shoot":{
	"shots":12,
	"shotDelay":2,
	"type":"ShootBarrel",
	"barrels":[
        1,12,-25,
		2,8,-25,
        3,-4,-25
    ]},
	"shootSound":"missile",
	"inaccuracy": 2,
	"shootCone":180,
	"bullet":{
	"type":"MissileBulletType",
	"damage":103,
	"shrinkY":0,
	"status":"blasted",
    "statusDuration":60,
	"homingRange":160,
	"homingPower": 0.1,
	
	"lightning": 3,
    "lightningDamage":50,
    "lightningAngle":90,//闪电角
    "lightningLength": 5,
    "lightningColor":"#ff9c71",
    "lightningCone": 360,
    "lightningLengthRand": 8,
    
	"splashDamageRadius":45,
	"splashDamage":45,
    "hitEffect":"flakExplosionBig",
    "despawnEffect":"flakExplosionBig",
    "trailLength":8,
	"trailWidth":0.8,
    "trailColor":"#ff7171",
	"frontColor":"#ff7171",
    "backColor":"#ff7171",	
	"width": 6,"height": 24,
	"speed":11,"lifetime":70}},

	    
    {"name":"格式塔零-导弹",
	"x":-55,"y":-30,
	"reload":120,
	"recoil":0,
	"parts":[{"type":"RegionPart",
               "mirror":false,
               "x":20,
               "y":-10,
               "suffix":"-动画块",
               "layer":55,
               "moveX":-5,
               "moveY":5}],
	"mirror":false,
	"rotate": false,
    "alternate":true,
	"rotateSpeed":0,
	"shoot":{
	"shots":12,
	"shotDelay":2,
	"type":"ShootBarrel",
	"barrels":[
        -1,12,25,
		-2,8,25,
        -3,-4,25
    ]},
	"shootSound":"missile",
	"inaccuracy":2,
	"shootCone":180,
	"bullet":{
	"type":"MissileBulletType",
	"damage":103,
	"shrinkY":0,
	"status":"blasted",
	"lightning": 3,
	"lightningAngle":90,//闪电角
    "lightningDamage":50,
    "lightningLength": 5,
    "lightningColor":"#ff9c71",
    "lightningCone": 360,
    "lightningLengthRand": 8,
    "statusDuration":60,
	"homingRange":160,
	"homingPower": 0.1,
	"splashDamageRadius":45,
	"splashDamage":45,
    "hitEffect":"flakExplosionBig",
    "despawnEffect":"flakExplosionBig",
    "trailLength":8,
	"trailWidth":0.8,
    "trailColor":"#ff7171",
	"frontColor":"#ff7171",
    "backColor":"#ff7171",	
	"width":6,"height": 24,
	"speed":11,"lifetime":70}},
	    {
    "name":"格式塔零-波炮",
    "shootCone": 25,
    "alternate": true,
    "mirror":false,
    
    "top": true,
    "xRand": 5,
    "x":0,
    "y":-80,
    "rotate": true,
    "rotateSpeed":1.5,
    "reload":60,
    "recoil": 0.5,
    "shots": 2,
    
    	"shoot":{
	"shots":12,
	"shotDelay":1,
	"type":"ShootBarrel",
	"barrels":[
  -8,8,0,
  -6,8,0,
  -4,8,0,
  -2,8,0,
  0,8,0,
  2,8,0,
  4,8,0,
  6,8,0,
  8,8,0
    ]},
    
    "shootY": 0,
    "inaccuracy": 6,
    "shootSound": "missile",
    "bullet": {
    "keepVelocity": false,
    "type": "MissileBulletType",
        "collidesTeam":true,//与友方建筑碰撞//治疗
    "collides":true,
    "anukeAutoGenerateCode":true,//治疗弹//
    "backColor": "#ff4d00",
    "healPercent":10,
    "hitEffect":{"type":"ParticleEffect",
					"line": true,
					"particles": 6,
					"lifetime":42,
					"length": 120,
					"cone": 360,
					"lenFrom": 6,
					"lenTo": 6,
					"colorFrom":"FF6666",
					"colorTo": "FF5845"
				},
    "despawnEffect":{
					"type":"ParticleEffect",
					"line": true,
					"particles": 6,
					"lifetime": 42,
					"length": 120,
					"cone":360,
					"lenFrom": 6,
					"lenTo": 6,
					"colorFrom":"FF6666",
					"colorTo": "FF5845"
				},
   
       "fromColor":"#ff4d00",//开火颜色
       "toColor":"#ff4d00",//开火后渐变至颜色
    "shootEffect": "shootHealYellow",
    "trailEffect": "none",
    "trailColor": "#ff4d00",
    "trailParam": 5,
    "trailLength": 16,
    "trailWidth": 1.5,
    "sprite":"源计划-格式塔零-波弹",
    "buildingDamageMultiplier":1,
    "damage":300,
    "speed":5,
    "lifetime":240,
    "homingDelay": 30,
  	"homingPower": 0.15,
	"homingRange": 200,
	"weaveScale": 4,			
	"weaveMag": 4,
    "height": 13,
    "width": 5,
	"splashDamageRadius": 40,
	"splashDamage": 30
    }},
    	{
			"x":-25,
			"y":-60,
			"name":"格式塔零-熔毁"
			"mirror": false,
			"reload":180,
			"recoil": 0,
				"rotateSpeed":2.5,
				"rotate":true, 
	"shoot":{
	"shots":1,
	"type":"ShootBarrel",
	"barrels":[
  0,30,0]},
			"shake": 5,
			"shootCone": 20,
			"cooldownTime": 145,
			"heatColor": "#cc00ff",
			"shootSound": "beam",
				"color":"#cc00ff",
			"continuous": true,
			"bullet": {
				"type": "ContinuousLaserBulletType",
				"damage": 275,
				"length": 160,
				"color":"#cc00ff",
				"width":7,
				"fadeTime": 60,
				"lifetime": 300,
				"shake": 0.5,
				"despawnEffect": "smokeCloud",
				"smokeEffect": "smokeCloud",
				"incendChance": 1,
				"hitEffect": "hitMeltdown",
				"shootEffect": "bigShockwave"
			}
		}
    

	
	
	
	
    ]
}