{
	"type": "flying",/*种类 */
	"name": "戈浮",/*名称，它叫什么名字！ */
	"description": "装甲无人机",/*描述，简介！ */
	"ammoCapacity":10,/*弹药容量 */
    "ammoResupplyAmount":10,/*弹药补给倍率 */
    "speed":3,/*速度 */
	"flying": true,/*能否飞行，true为能飞 */
	"turnCursor":false,/*转动光标 */
	"playerControllable": false,
	"engineOffset": 0,/*发动机偏移 */
	"engineSize": 0,/*发动机大小 */
    "hitSize":15,/*被击中大小，你的大小 */
    "targetAir":"true",/*目标航空 */
    "circleTarget":true, //圈出敌人
    "faceTarget":true, //贴脸目标=
    "destructibleWreck":true, //破坏性残骸（飞行专属）
    "targetFlag": "factory", //优先进攻目标
    "health":150,/*血量 */
    "armor":5,/*装甲 */
    "rotateSpeed":18,/*转速，旋转的速度 */
    "itemCapacity": 10,/*容量，字面意思 */
    "commandLimit":50,/*命令限制，能让多少单位跟着你！ */
    "rotateShooting": "true",/*旋转射击，是否旋转射击 */
    "weapons":[ 
    	{"name":"贴图名",/*贴图的名字 */
	"x":0,"y":0,/*位置 x为上下y为左右 */
	"mirror":"true",/*镜像，是否对称 */
	"reload":6,/*重新装弹速度 */
	"rotate": "true",/*是否旋转 */
	"rotateSpeed":1818464,/*旋转速度 */
	"shootEffect":"none",
		"shoot":{
	"shots":6,
	"shotDelay":0,
	"type":"ShootBarrel",
	"barrels":[
        -6,-6,-8,
		-4,-4,-8,
        -2,-2,-8,
        2,2,8,
        4,4,8,
        6,6,8
    ]},
	"bullet":{
	"type":"MissileBulletType",/*子弹类型 */
	"damage":10,/*伤害 */
	"frontColor":"ff7171",/*子弹颜色 正面颜色*/
	"backColor":"ff7171",/*背景色 */
	"width": 5,/*子弹宽度 */
	"height": 5,/*子弹长度 */
	"speed":3.5,/*子弹速度 */
	"lifetime":60,/*子弹血量 */
	"status":"sapped",
		"splashDamageRadius": 40,
	"splashDamage": 30,
		"weaveScale": 4,			
	"weaveMag": 4,
	
	"reloadTime":20,//攻击范围
	"buildingDamageMultiplier":1
	} 	
	}
    ]
}