{
    "type":"floor",
    "cacheLayer":"water",
    "name":"Frozenparticle流体地形",
	"variants":0,
	//这个地板有多少个贴图
	"speedMultiplier":1,
	//单位在这个单位上的速度倍率
	"dragMultiplier":1,
	//摩擦倍数?(我没用过)
	//[个人理解]:
	//大概就是这个地板的摩擦度
	//比如滑与粗糙
	"damageTaken":0,
	//站这个地板上受到多少伤害
	"isLiquid":true,
	//这个地板能不能淹死单
	"drownTime":180,
	//站这个地板上多久淹死(秒杀)
	//正常情况下60为1秒
	//矿渣海=150(2.5秒)
	//石油田=150(2.5秒)
	//深水=140(2.33...秒)
	//污水=120(2秒)
	"walkEffect":"none",
	//在此地板上行走时的效果
	"walkSound":"none",
	//在此地板上行走时的音效
	"walkSoundVolume":0.1,
	"walkSoundPitchMin":0.8,
	"walkSoundPitchMax":1.2,
	//行走时发出的声音量
	"drownUpdateEffect":"bubble",
	//淹死在此地板上时显示的效果
	"status":"freezing",
	//走在这个地板上给予状态
	"statusDuration":60,
	//离开地板以后状态持续多久
	//数值60为1秒,120为2秒以此类推
	"liquidDrop":"Frozenparticle流体",
	//用泵可以抽什么液体
	"liquidMultiplier":1,
	//泵抽液体的倍率
	//用于深水和浅水这样子来区别
	"attributes":null,
	//不太懂没用过
	"updateEffect":"none",
	//随机更新时显示效果
	"oreDefault":true,
	//这个地板是否在自定义地图里自动生成
	"oreScale":4,
	//自动生成的规模
	"oreThreshold":0.828
	//自动生成的密集度
}