{
	"type":"Conveyor",//"种类": "?",(Conveyor=传输带,junction=连接器,StackConveyor=打包运输带,ItemBridge=传送带桥,Router=路由器)
	"name":"钛晶传送带",
	"description":"强化钛传送带，稍稍下降血量，提高运输质量"
	"health":60,//"血量
	"requirements":["copper/1","lead/1","titanium/1"],
//{"种类": "", "数量": ？},(copper=铜,lead=铅,metaglass=钢化玻璃,graphite=石墨,sand=沙子,coal=煤,titanium=钛,thorium=钍,scrap=废料,silicon=硅,plastanium=孢子,phase-fabric=相织位物,surge-alloy=合金,spore-pod=塑钢,blast-compound=爆炸混合物,pyratite=硫)//"建造所需物品": "？",
	"category":"distribution",//"类别": "？",(distribution=分配)
	"speed":0.12408,//"运送速度": ？,
	"displayedSpeed":17,//"游戏中显示速度": ？,
	"research":"量子核心",//"研究前置": "？",
	"insulated":true,//"是否阻挡电力节点自动连接"：
    "placeableLiquid":true,//"是否能放在液体上"：
    "displayFlow":true,//点他是否会显示传输速度
    "absorbLasers":true//是否能阻挡激光
}