{
 "name":"集成电路",/*内容物名称*/ 
 "description":"一种微型电子器件或部件",/*内容物描述*/
 "type":"items",/*分类*/
 "color":"FFACDBFF",/*颜色，为8个或者6个字母和数字组成，后面两个确定透明度*/
 "flammability":0,/*燃烧性，可填负数/小数，确定了着火和装有此物品的方块爆掉后的火焰多少和塞进燃烧发电机的发电大小*/
 "research":"单晶硅",
    "explosiveness":0.1,/*爆炸性，可填负数/小数，表现为装有此物品的方块爆掉后的范围和伤害*/
    "radioactivity":0,//辐射性，决定了它塞进rgt的发电大小
    "charge":0.3//放电性，决定装有此物品的方块爆掉后的闪电多少/伤害，参考电池爆炸
}