{
  "name": "量子核心",/*名称，它叫什么名！*/
  "description": "降落于阿德里的适配核心",/*描述，简介*/
  "size":3,/*大小，1=1×1格，得比原版核心大*/
  "health":1000,/*血量，字面意思*/
  "itemCapacity":5000,/*物品容量，注：是全物品都加*/
  "unitCapModifier":20,/*单位上限，增加工厂可以制造的单位上限*/
  "unitType":"西格玛",/*核心的单位，玩家操纵的那种！*/
  "category":"effect",/*游戏界面分类*/
  "alwaysUnlocked":true,//科技树默认解锁
}