{
  "type": "CoreBlock",/*种类*/
  "name": "中型量子核心",/*名称，它叫什么名！*/
  "description":"次代量子核心，比初代强 ",/*描述，简介*/
  "size":4,/*大小，1=1×1格，得比原版核心大，否则无法覆盖！*/
  "health":4000,/*血量，字面意思*/
  "itemCapacity":11000,/*物品容量，注：是全物品都加*/
  "unitCapModifier":26,/*单位上限，增加工厂可以制造的单位上限*/
  "unitType":"德尔塔",/*核心的单位，玩家操纵的那种！*/
  "requirements": [
    "copper/3000",
    "lead/3000",
    "silicon/2300",
  ],/*建造所需物品*/
  "category": "effect",/*游戏界面分类*/
  "research": "量子核心",/*科技树前一项*/
}